{"canvas_size":[100,100],"version":"0.1","actions":[[0.8486545697311327,0.40834011427984773,1,0.9661197261962697,0.10959153386703058,0.2811848641697614,0],[0.545510757691194,0.9180279104124127,1,0.6578927379720279,0.8283305134656831,0.43009093233805284,0],[0.9769126297772888,0.696386425094522,1,0.5589138909217635,0.5002840898611802,0.7443375811135655,0],[0.8406883551024331,0.2380691476801997,1,0.8416522044075503,0.09110613308716164,0.11014405357621593,1],[0.4805167669599313,0.9247068085722729,1,0.6024605825728797,0.03408078419021843,0.8143628092526756,0],[0.7294165838925739,0.5368970977908885,1,0.7523177904510794,0.17978763320574154,0.23085124099029763,0],[0.13408686840619444,0.1257185820698643,1,0.3119094857199822,0.8518372390385023,0.26872486074310586,1],[0.7627583904664408,0.7335100921037887,1,0.2242911140370576,0.605000657221421,0.01185734905555269,1],[0.3058136191787866,0.8632851156896753,1,0.5086215793608455,0.9184256455943378,0.7527793476154956,1],[0.5582934931240846,0.5268754473912831,1,0.16183909012984277,0.14158970064014387,0.9743154040875415,1],[0.021420442075064994,0.6151511544300914,1,0.42982525648590153,0.11750704507674681,0.5862039729759165,1],[0.7473824603065233,0.44957893671551097,1,0.28996903149816444,0.7017315764965764,0.6333692590489346,1],[0.20096560820209808,0.20313741181603806,1,0.8175276162791703,0.6940621260216022,0.12704988309025889,0],[0.2389984387801647,0.38063108270922497,1,0.8499014931177935,0.6676598547511405,0.24520867524128076,1],[0.238998510334115,0.20403722946031322,1,0.23327985918892913,0.7993800327907892,0.17939384208714748,0],[0.6691776822530529,0.16396458697581684,1,0.889465914415341,0.08142463799743682,0.14244442552785608,0],[0.25242672400345234,0.35399045217344205,1,0.0062416908467131105,0.39825537710246306,0.38727891371719614,0],[0.16623325135225997,0.5174454072189192,1,0.8919760524490408,0.4437463517830853,0.3190665558626109,0],[0.08190984526471734,0.2714728883988835,1,0.13873929254737782,0.986540990413479,0.2237481642670971,0],[0.7897179991065819,0.8170321357703443,1,0.15531663302427567,0.5027959355977576,0.35290205252578843,0],[0.08838985077423223,0.851813078945713,1,0.2288103965841497,0.5704345923934979,0.7650970455131747,0],[0.49129315496862014,0.4281585221928097,1,0.5561699424394579,0.6671732189937132,0.4492804835705426,1],[0.8771645449366956,0.6749818845140301,1,0.9230723540058059,0.7880850474736121,0.17272164611271457,1],[0.7904845616753928,0.768189626262227,1,0.7569143388205515,0.6955089311836169,0.750938629544124,1],[0.4640352550556366,0.6807434201552947,1,0.783567478888618,0.7776361572418975,0.3333766070827444,1],[0.4881744280530729,0.1673545235921352,1,0.07346396345114425,0.7355948780582473,0.3040369025512353,0],[0.6677871187703432,0.6822656472457842,1,0.6985882720562273,0.060310366486875155,0.3258693244338009,1],[0.2477147825343542,0.530025003468277,1,0.5357249688282322,0.372102693863436,0.5268774694853899,0],[0.13872557488214898,0.19881953117444628,1,0.756133219648758,0.4024673291375831,0.9384474361272841,0],[0.7497293333721404,0.506938717323212,1,0.9128601392829876,0.6383922076210424,0.6137938336836035,1],[0.5896521244198143,0.6139523597007122,1,0.7056378965407899,0.14400004947715694,0.17766550642559653,1],[0.32334445865908346,0.4832263561738759,1,0.5969167416007439,0.14258028862505,0.7344217817220209,1],[0.4182445223404918,0.8252970004685445,1,0.6435747462858918,0.8303927221658751,0.4970586222308091,1],[0.9531146390976428,0.6615732513380095,1,0.2084154473193962,0.7265341801745764,0.3902790719486857,1],[0.5749079728933224,0.3670358228751347,1,0.5219930697534272,0.8233666649178684,0.9081915178374118,1],[0.7567751871667452,0.9628666617686366,1,0.6734930838842537,0.7399890366055806,0.8650117736001013,0],[0.7308108442980192,0.3947929641833694,1,0.9541182301144895,0.21158579516762588,0.9577376531271746,0],[0.11345319530115039,0.37264797266538174,1,0.3335215606725219,0.9968106754552699,0.8160208259230004,0],[0.6329930834710762,0.5984824912155939,1,0.492176956017895,0.7013895902724405,0.4014455331576221,1],[0.0854318062783972,0.23465635673060525,1,0.1418350931502601,0.4553292358359762,0.3054921818676135,1],[0.9514997211737568,0.848609155714116,1,0.7431687521064885,0.9858755272609268,0.7498669013754098,0],[0.17978214796846492,0.7324155335335376,1,0.6435555356791456,0.35749138676982173,0.31135056206916123,1],[0.7499276558301671,0.1291308636909556,1,0.18309774068824014,0.41409646266803257,0.36075033084627006,1],[0.598406061262458,0.8276957601173045,1,0.2140475391064991,0.023494765600204026,0.0005185385754109539,1],[0.6758528218582269,0.11986676338292779,1,0.9505272522465817,0.8546232031819081,0.3367081077897709,1],[0.6234002410568806,0.8357361368818914,1,0.7874380228315232,0.1040891850650596,0.016302651789393163,0],[0.040558451633503356,0.31827798838053156,1,0.48995265696807544,0.7674837586742209,0.3874911479218508,1],[0.7927665418369099,0.22100930117502027,1,0.43029534694577487,0.3944253519914851,0.19136067941938384,1],[0.13344369747042872,0.6451756171232583,1,0.4039820339984175,0.8817612707986291,0.602714614203212,1],[0.3454698602705808,0.2752668643356855,1,0.58505616558571,0.7936635519725814,0.0035069207419320403,1],[0.5803916714826753,0.02914562657529074,1,0.6123278041735123,0.002763085611539262,0.0042231571482611585,0],[0.807578654400479,0.4637972468292937,1,0.024583173505895894,0.25603737489698,0.24452356210762183,1],[0.301969133587799,0.029608179269519086,1,0.30730443742629765,0.012548537353235023,0.2835962091109574,0],[0.5756212533316956,0.28528523774692816,1,0.8559411287194989,0.6788644328087825,0.16450099938362284,1],[0.11000496002898763,0.7741068984637021,1,0.20059912549850267,0.8309557843688935,0.25693248066539187,0],[0.3706610090711715,0.0886215341414538,1,0.045987946743905495,0.42112474402292355,0.08499850738712289,0],[0.929537598555872,0.9150460469001225,1,0.743313879596236,0.7527359240140901,0.8975146492893704,1],[0.8862388179911771,0.18334436277982502,1,0.5611199423932356,0.10900719779133783,0.9459947825696369,1],[0.6678820808785095,0.6046985999637431,1,0.5324951836418113,0.6768478448676889,0.3098740979638015,1],[0.5812744740302593,0.22071236330637634,1,0.7496003369178506,0.3177722944541179,0.5385801823370169,1],[0.8196016275923661,0.3837250689585774,1,0.49408385834204815,0.355417465023264,0.9185492013870478,0],[0.4641611665061365,0.6941845997899407,1,0.9287851778827061,0.5929520604841243,0.6619719260597186,0],[0.021212195382280585,0.47058153133365854,1,0.16485741340189142,0.20192020902246965,0.7069710133581302,0],[0.6236999956396474,0.7808849887702614,1,0.7438155252084249,0.40557224363396216,0.8264571315758602,0],[0.9651020223009954,0.4202772725866013,1,0.3059272079594546,0.797689466799137,0.28755233548544235,0],[0.49402489308538255,0.0844074769075227,1,0.28934997986799216,0.6951327914388805,0.17349116075396598,0],[0.14503464277690403,0.7539419633576134,1,0.9029782081499034,0.283983962228896,0.33302616837452836,1],[0.13892452372759045,0.19717824369523362,1,0.16670726236576083,0.06312604413657108,0.15296945022752828,0],[0.9751614108800868,0.9341970235413815,1,0.43312303998560253,0.7504840789207239,0.45383005017500455,1],[0.9903885198053302,0.8704484263853742,1,0.7131101359726402,0.1814472325422405,0.6122685020013994,1],[0.7121267038317645,0.9174362523308084,1,0.9506252120965049,0.6484945264419866,0.004672445237102529,0],[0.7003278363450192,0.39195050027465017,1,0.048801825024008094,0.41688999232210855,0.5840661103431584,1],[0.037225742270033724,0.09550809928350978,1,0.3077055785888214,0.4834688350562095,0.40119013572503026,0],[0.12141571782176075,0.2986762712790485,1,0.7213191211205179,0.8552855306140839,0.5006280367615854,0],[0.7848925978266692,0.3017907146134662,1,0.6911916559449762,0.3064957665525929,0.08105414445442949,1],[0.45194232495389897,0.5995998742211177,1,0.054306037049793865,0.5103329512705903,0.6080341199931927,0],[0.48501092466707485,0.01421631447931726,1,0.8441356047759856,0.9404512801372142,0.661824262011367,0],[0.6210699228998904,0.468268901724995,1,